Model,RMSE (kW),MAE (kW),MAPE (%)
Ridge Linear Baseline,0.0013144273204451047,0.0010479411762867237,7.264039061646818e-05
Random Forest Regressor,0.17760682458859803,0.009153609412670599,0.0007626695899035975
XGBoost Ensemble,5.26589176449724,1.6014397153638213,0.11531657883184078
